CREATE TABLE IF NOT EXISTS "doctor" (
    "doctor_id" SERIAL NOT NULL,
    "firstname" TEXT NOT NULL,
    "lastname" TEXT NOT NULL,
    CONSTRAINT newtable_pk PRIMARY KEY ("doctor_id")
);
INSERT INTO "doctor" VALUES
    (1,'James','Carter'),
    (2,'Charlie','Wright'),
    (3,'Michael','Hunt'),
    (4,'Tyler','Anderson'),
    (5,'Adelaide','Campbell'),
    (6,'Tiana','Gibson'),
    (7,'Miley','Cameron'),
    (8,'Jasmine','Walker'),
    (9,'Anna','Howard'),
    (10,'Ada','Kelley');

CREATE TABLE IF NOT EXISTS "person" (
    "person_id" SERIAL NOT NULL,
    "firstname" TEXT NOT NULL,
    "lastname" TEXT NOT NULL,
    "gender" TEXT NOT NULL,
    "age" INT NOT NULL,
    "mail" TEXT NOT NULL,
    "cpr" INT,
    CONSTRAINT newtable_pk PRIMARY KEY (person_id)
);
INSERT INTO "person" VALUES
    (3,'Tara','Thomas','Female',18,'t.thomas@randatmail.com',NULL),
    (4,'Antony','Farrell','Male',22,'a.farrell@randatmail.com',NULL),
    (5,'Elian','Morrison','Male',29,'e.morrison@randatmail.com',NULL),
    (6,'Blake','Walker','Male',26,'b.walker@randatmail.com',NULL),
    (7,'Edith','Richardson','Female',27,'e.richardson@randatmail.com',NULL),
    (8,'Kirsten','Spencer','Female',20,'k.spencer@randatmail.com',NULL),
    (9,'Oliver','Mason','Male',30,'o.mason@randatmail.com',NULL),
    (10,'Sofia','Carroll','Female',23,'s.carroll@randatmail.com',NULL),
    (11,'Miller','Allen','Male',24,'m.allen@randatmail.com',NULL),
    (12,'Alexander','Phillips','Male',20,'a.phillips@randatmail.com',NULL),
    (13,'Tess','Higgins','Female',26,'t.higgins@randatmail.com',NULL),
    (14,'Sam','Brooks','Male',28,'s.brooks@randatmail.com',NULL),
    (15,'Miranda','Lloyd','Female',26,'m.lloyd@randatmail.com',NULL),
    (16,'Spike','Mason','Male',30,'s.mason@randatmail.com',NULL),
    (17,'Tiana','Cameron','Female',23,'t.cameron@randatmail.com',NULL),
    (18,'Arianna','Mitchell','Female',27,'a.mitchell@randatmail.com',NULL),
    (19,'Mike','Chapman','Male',21,'m.chapman@randatmail.com',NULL),
    (20,'Rafael','Johnson','Male',22,'r.johnson@randatmail.com',NULL),
    (21,'Sophia','Warren','Female',26,'s.warren@randatmail.com',NULL),
    (22,'Jenna','Cameron','Female',18,'j.cameron@randatmail.com',NULL),
    (23,'Sydney','Rogers','Female',24,'s.rogers@randatmail.com',NULL),
    (24,'Myra','Hamilton','Female',28,'m.hamilton@randatmail.com',NULL),
    (25,'Rosie','Adams','Female',22,'r.adams@randatmail.com',NULL),
    (26,'Jenna','Cunningham','Female',26,'j.cunningham@randatmail.com',NULL),
    (27,'Andrew','West','Male',20,'a.west@randatmail.com',NULL),
    (28,'Naomi','Hunt','Female',25,'n.hunt@randatmail.com',NULL),
    (29,'Marcus','Barrett','Male',19,'m.barrett@randatmail.com',NULL),
    (30,'Alissa','Alexander','Female',29,'a.alexander@randatmail.com',NULL),
    (31,'Gianna','Hamilton','Female',21,'g.hamilton@randatmail.com',NULL),
    (32,'Chloe','Clark','Female',18,'c.clark@randatmail.com',NULL),
    (33,'Kirsten','Crawford','Female',29,'k.crawford@randatmail.com',NULL),
    (34,'Rebecca','Moore','Female',21,'r.moore@randatmail.com',NULL),
    (35,'Thomas','Phillips','Male',22,'t.phillips@randatmail.com',NULL),
    (36,'Andrew','Montgomery','Male',28,'a.montgomery@randatmail.com',NULL),
    (37,'Tiana','Russell','Female',29,'t.russell@randatmail.com',NULL),
    (38,'Oscar','Russell','Male',19,'o.russell@randatmail.com',NULL),
    (39,'Emma','Douglas','Female',30,'e.douglas@randatmail.com',NULL),
    (40,'John','Morgan','Male',28,'j.morgan@randatmail.com',NULL),
    (41,'Amy','Cunningham','Female',25,'a.cunningham@randatmail.com',NULL),
    (42,'Aiden','Andrews','Male',24,'a.andrews@randatmail.com',NULL),
    (43,'Abraham','Stevens','Male',18,'a.stevens@randatmail.com',NULL),
    (44,'Brooke','Ross','Female',20,'b.ross@randatmail.com',NULL),
    (45,'Sienna','Stewart','Female',21,'s.stewart@randatmail.com',NULL),
    (46,'Jasmine','Wells','Female',27,'j.wells@randatmail.com',NULL),
    (47,'Dexter','Henderson','Male',20,'d.henderson@randatmail.com',NULL),
    (48,'Vincent','Jones','Male',27,'v.jones@randatmail.com',NULL),
    (49,'Chester','Reed','Male',24,'c.reed@randatmail.com',NULL),
    (50,'Edith','Miller','Female',23,'e.miller@randatmail.com',NULL),
    (51,'Eddy','Chapman','Male',19,'e.chapman@randatmail.com',NULL),
    (52,'Alissa','Moore','Female',20,'a.moore@randatmail.com',NULL),
    (53,'Alexander','Campbell','Male',24,'a.campbell@randatmail.com',NULL),
    (54,'Hailey','Morris','Female',25,'h.morris@randatmail.com',NULL),
    (55,'Arnold','Walker','Male',30,'a.walker@randatmail.com',NULL),
    (56,'Jasmine','Sullivan','Female',28,'j.sullivan@randatmail.com',NULL),
    (57,'Luke','Kelly','Male',21,'l.kelly@randatmail.com',NULL),
    (58,'Fenton','Moore','Male',20,'f.moore@randatmail.com',NULL),
    (59,'Reid','Fowler','Male',23,'r.fowler@randatmail.com',NULL),
    (60,'Clark','Foster','Male',22,'c.foster@randatmail.com',NULL),
    (61,'Reid','Crawford','Male',18,'r.crawford@randatmail.com',NULL),
    (62,'Alexia','Smith','Female',26,'a.smith@randatmail.com',NULL),
    (63,'Harold','Williams','Male',23,'h.williams@randatmail.com',NULL),
    (64,'Olivia','Douglas','Female',30,'o.douglas@randatmail.com',NULL),
    (65,'Charlie','Miller','Male',30,'c.miller@randatmail.com',NULL),
    (66,'Agata','Carroll','Female',28,'a.carroll@randatmail.com',NULL),
    (67,'Agata','Farrell','Female',27,'a.farrell@randatmail.com',NULL),
    (68,'Melanie','Barrett','Female',29,'m.barrett@randatmail.com',NULL),
    (69,'Patrick','Parker','Male',29,'p.parker@randatmail.com',NULL),
    (70,'Madaline','Ross','Female',27,'m.ross@randatmail.com',NULL),
    (71,'Haris','Bailey','Male',27,'h.bailey@randatmail.com',NULL),
    (72,'Sydney','Baker','Female',23,'s.baker@randatmail.com',NULL),
    (73,'Dominik','Harper','Male',21,'d.harper@randatmail.com',NULL),
    (74,'Arnold','Mason','Male',27,'a.mason@randatmail.com',NULL),
    (75,'Maria','Richards','Female',26,'m.richards@randatmail.com',NULL),
    (76,'Alan','Hamilton','Male',25,'a.hamilton@randatmail.com',NULL),
    (77,'Alexia','Murphy','Female',24,'a.murphy@randatmail.com',NULL),
    (78,'Arianna','Morris','Female',28,'a.morris@randatmail.com',NULL),
    (79,'Oliver','Miller','Male',22,'o.miller@randatmail.com',NULL),
    (80,'Nicholas','Baker','Male',18,'n.baker@randatmail.com',NULL),
    (81,'Wilson','Grant','Male',21,'w.grant@randatmail.com',NULL),
    (82,'Vanessa','Payne','Female',23,'v.payne@randatmail.com',NULL),
    (83,'Abigail','Roberts','Female',20,'a.roberts@randatmail.com',NULL),
    (84,'Lucas','Grant','Male',27,'l.grant@randatmail.com',NULL),
    (85,'Alissa','Miller','Female',30,'a.miller@randatmail.com',NULL),
    (86,'Oliver','Smith','Male',19,'o.smith@randatmail.com',NULL),
    (87,'Agata','Reed','Female',25,'a.reed@randatmail.com',NULL),
    (88,'Tyler','Scott','Male',21,'t.scott@randatmail.com',NULL),
    (89,'Melissa','Henderson','Female',21,'m.henderson@randatmail.com',NULL),
    (90,'Victor','Douglas','Male',30,'v.douglas@randatmail.com',NULL),
    (91,'April','Foster','Female',26,'a.foster@randatmail.com',NULL),
    (92,'Amelia','Hall','Female',22,'a.hall@randatmail.com',NULL),
    (93,'Walter','Rogers','Male',26,'w.rogers@randatmail.com',NULL),
    (94,'Miley','Spencer','Female',18,'m.spencer@randatmail.com',NULL),
    (95,'Adelaide','West','Female',21,'a.west@randatmail.com',NULL),
    (96,'Roland','Murray','Male',25,'r.murray@randatmail.com',NULL),
    (97,'Andrew','Chapman','Male',28,'a.chapman@randatmail.com',NULL),
    (98,'Adelaide','Perry','Female',18,'a.perry@randatmail.com',NULL),
    (99,'Antony','Rogers','Male',24,'a.rogers@randatmail.com',NULL),
    (100,'Daisy','Foster','Female',27,'d.foster@randatmail.com',NULL),
    (101,'Carl','Jones','Male',28,'c.jones@randatmail.com',NULL),
    (102,'George','Bailey','Male',20,'g.bailey@randatmail.com',NULL),
    (103,'Carina','Gibson','Female',20,'c.gibson@randatmail.com',NULL),
    (104,'Rafael','Taylor','Male',18,'r.taylor@randatmail.com',NULL),
    (105,'Anna','Hawkins','Female',30,'a.hawkins@randatmail.com',NULL),
    (106,'Alan','Evans','Male',28,'a.evans@randatmail.com',NULL),
    (107,'Alissa','Evans','Female',25,'a.evans@randatmail.com',NULL),
    (108,'Garry','Johnston','Male',23,'g.johnston@randatmail.com',NULL),
    (109,'Steven','Johnson','Male',25,'s.johnson@randatmail.com',NULL),
    (110,'Chelsea','Scott','Female',29,'c.scott@randatmail.com',NULL),
    (111,'William','Higgins','Male',23,'w.higgins@randatmail.com',NULL),
    (112,'Patrick','Robinson','Male',29,'p.robinson@randatmail.com',NULL),
    (113,'Anna','Richards','Female',22,'a.richards@randatmail.com',NULL),
    (114,'Annabella','Perkins','Female',25,'a.perkins@randatmail.com',NULL),
    (115,'Victoria','Parker','Female',26,'v.parker@randatmail.com',NULL),
    (116,'Charlie','Wells','Male',21,'c.wells@randatmail.com',NULL),
    (117,'Sophia','Douglas','Female',27,'s.douglas@randatmail.com',NULL),
    (118,'Dexter','Andrews','Male',20,'d.andrews@randatmail.com',NULL),
    (119,'Brianna','Craig','Female',25,'b.craig@randatmail.com',NULL),
    (120,'Mike','Brooks','Male',18,'m.brooks@randatmail.com',NULL),
    (121,'Carina','Johnson','Female',20,'c.johnson@randatmail.com',NULL),
    (122,'Julian','Cole','Male',20,'j.cole@randatmail.com',NULL),
    (123,'Adam','Stevens','Male',22,'a.stevens@randatmail.com',NULL),
    (124,'Natalie','Ryan','Female',28,'n.ryan@randatmail.com',NULL),
    (125,'Agata','Alexander','Female',21,'a.alexander@randatmail.com',NULL),
    (126,'James','Hawkins','Male',26,'j.hawkins@randatmail.com',NULL),
    (127,'Stuart','Montgomery','Male',23,'s.montgomery@randatmail.com',NULL),
    (128,'Rubie','Payne','Female',18,'r.payne@randatmail.com',NULL),
    (129,'Ryan','Mitchell','Male',27,'r.mitchell@randatmail.com',NULL),
    (130,'Eddy','Robinson','Male',29,'e.robinson@randatmail.com',NULL),
    (131,'Sawyer','Murphy','Male',27,'s.murphy@randatmail.com',NULL),
    (132,'Bruce','Casey','Male',24,'b.casey@randatmail.com',NULL),
    (133,'Maximilian','Cunningham','Male',18,'m.cunningham@randatmail.com',NULL),
    (134,'Miranda','Murray','Female',29,'m.murray@randatmail.com',NULL),
    (135,'Daryl','Wells','Male',25,'d.wells@randatmail.com',NULL),
    (136,'Sydney','Watson','Female',30,'s.watson@randatmail.com',NULL),
    (137,'Adele','Alexander','Female',27,'a.alexander@randatmail.com',NULL),
    (138,'Alexander','Harrison','Male',20,'a.harrison@randatmail.com',NULL),
    (139,'Hailey','Brooks','Female',23,'h.brooks@randatmail.com',NULL),
    (140,'Maximilian','Johnson','Male',22,'m.johnson@randatmail.com',NULL),
    (141,'Deanna','Adams','Female',19,'d.adams@randatmail.com',NULL),
    (142,'Cadie','Barnes','Female',29,'c.barnes@randatmail.com',NULL),
    (143,'Sofia','Edwards','Female',20,'s.edwards@randatmail.com',NULL),
    (144,'William','Hall','Male',23,'w.hall@randatmail.com',NULL),
    (145,'Arnold','Hall','Male',24,'a.hall@randatmail.com',NULL),
    (146,'Victoria','Douglas','Female',28,'v.douglas@randatmail.com',NULL),
    (147,'Carina','Hamilton','Female',27,'c.hamilton@randatmail.com',NULL),
    (148,'Miranda','Stevens','Female',21,'m.stevens@randatmail.com',NULL),
    (149,'Camila','Farrell','Female',30,'c.farrell@randatmail.com',NULL),
    (150,'Lydia','Baker','Female',21,'l.baker@randatmail.com',NULL),
    (151,'Sam','Owens','Male',21,'s.owens@randatmail.com',NULL),
    (152,'Catherine','Russell','Female',19,'c.russell@randatmail.com',NULL),
    (153,'John','Clark','Male',24,'j.clark@randatmail.com',NULL),
    (154,'Ryan','Stevens','Male',26,'r.stevens@randatmail.com',NULL),
    (155,'Emily','Kelley','Female',30,'e.kelley@randatmail.com',NULL),
    (156,'Maximilian','Davis','Male',27,'m.davis@randatmail.com',NULL),
    (157,'Elise','Perkins','Female',22,'e.perkins@randatmail.com',NULL),
    (158,'Frederick','Anderson','Male',22,'f.anderson@randatmail.com',NULL),
    (159,'Hailey','Craig','Female',27,'h.craig@randatmail.com',NULL),
    (160,'Naomi','Wright','Female',18,'n.wright@randatmail.com',NULL),
    (161,'Antony','Richards','Male',20,'a.richards@randatmail.com',NULL),
    (162,'April','Allen','Female',24,'a.allen@randatmail.com',NULL),
    (163,'Clark','Robinson','Male',25,'c.robinson@randatmail.com',NULL),
    (164,'Lucia','Cunningham','Female',20,'l.cunningham@randatmail.com',NULL),
    (165,'Robert','Hunt','Male',23,'r.hunt@randatmail.com',NULL),
    (166,'Gianna','Campbell','Female',19,'g.campbell@randatmail.com',NULL),
    (167,'Naomi','Moore','Female',20,'n.moore@randatmail.com',NULL),
    (168,'Aston','Warren','Male',19,'a.warren@randatmail.com',NULL),
    (169,'Violet','Perkins','Female',21,'v.perkins@randatmail.com',NULL),
    (170,'Marcus','Morgan','Male',25,'m.morgan@randatmail.com',NULL),
    (171,'Olivia','Perkins','Female',23,'o.perkins@randatmail.com',NULL),
    (172,'Brooke','Hamilton','Female',23,'b.hamilton@randatmail.com',NULL),
    (173,'Tony','Murray','Male',24,'t.murray@randatmail.com',NULL),
    (174,'Preston','Wilson','Male',25,'p.wilson@randatmail.com',NULL),
    (175,'Melanie','Perkins','Female',28,'m.perkins@randatmail.com',NULL),
    (176,'Maria','Davis','Female',30,'m.davis@randatmail.com',NULL),
    (177,'Fenton','Reed','Male',22,'f.reed@randatmail.com',NULL),
    (178,'Vanessa','Johnson','Female',24,'v.johnson@randatmail.com',NULL),
    (179,'Adrianna','Dixon','Female',20,'a.dixon@randatmail.com',NULL),
    (180,'Victor','Robinson','Male',22,'v.robinson@randatmail.com',NULL),
    (181,'Michelle','Jones','Female',28,'m.jones@randatmail.com',NULL),
    (182,'Abraham','Russell','Male',24,'a.russell@randatmail.com',NULL),
    (183,'Albert','Johnson','Male',24,'a.johnson@randatmail.com',NULL),
    (184,'Amber','Farrell','Female',21,'a.farrell@randatmail.com',NULL),
    (185,'Florrie','Johnston','Female',20,'f.johnston@randatmail.com',NULL),
    (186,'Vivian','Riley','Female',23,'v.riley@randatmail.com',NULL),
    (187,'Frederick','Montgomery','Male',30,'f.montgomery@randatmail.com',NULL),
    (188,'Anna','Walker','Female',24,'a.walker@randatmail.com',NULL),
    (189,'Emily','Richardson','Female',27,'e.richardson@randatmail.com',NULL),
    (190,'Savana','Stevens','Female',27,'s.stevens@randatmail.com',NULL),
    (191,'Jenna','Parker','Female',25,'j.parker@randatmail.com',NULL),
    (192,'Chloe','Dixon','Female',30,'c.dixon@randatmail.com',NULL),
    (193,'Lyndon','Sullivan','Male',21,'l.sullivan@randatmail.com',NULL),
    (194,'Sarah','Douglas','Female',20,'s.douglas@randatmail.com',NULL),
    (195,'Olivia','Stevens','Female',19,'o.stevens@randatmail.com',NULL),
    (196,'Agata','Ryan','Female',26,'a.ryan@randatmail.com',NULL),
    (197,'William','Miller','Male',21,'w.miller@randatmail.com',NULL),
    (198,'Savana','Evans','Female',22,'s.evans@randatmail.com',NULL),
    (199,'Tiana','Andrews','Female',27,'t.andrews@randatmail.com',NULL),
    (200,'Florrie','Ellis','Female',25,'f.ellis@randatmail.com',NULL),
    (201,'Belinda','Wilson','Female',29,'b.wilson@randatmail.com',NULL),
    (202,'Rafael','Mason','Male',19,'r.mason@randatmail.com',NULL);

CREATE TABLE IF NOT EXISTS "person2" (
    "person_id" SERIAL NOT NULL,
    "firstname" TEXT,
    "lastname" TEXT,
    "gender" TEXT,
    "age" INT,
    "email" TEXT
);
INSERT INTO "person2" VALUES
    (1,'Tara','Thomas','Female',18,'t.thomas@randatmail.com'),
    (2,'Antony','Farrell','Male',22,'a.farrell@randatmail.com'),
    (3,'Elian','Morrison','Male',29,'e.morrison@randatmail.com'),
    (4,'Blake','Walker','Male',26,'b.walker@randatmail.com'),
    (5,'Edith','Richardson','Female',27,'e.richardson@randatmail.com'),
    (6,'Kirsten','Spencer','Female',20,'k.spencer@randatmail.com'),
    (7,'Oliver','Mason','Male',30,'o.mason@randatmail.com'),
    (8,'Sofia','Carroll','Female',23,'s.carroll@randatmail.com'),
    (9,'Miller','Allen','Male',24,'m.allen@randatmail.com'),
    (10,'Alexander','Phillips','Male',20,'a.phillips@randatmail.com'),
    (11,'Tess','Higgins','Female',26,'t.higgins@randatmail.com'),
    (12,'Sam','Brooks','Male',28,'s.brooks@randatmail.com'),
    (13,'Miranda','Lloyd','Female',26,'m.lloyd@randatmail.com'),
    (14,'Spike','Mason','Male',30,'s.mason@randatmail.com'),
    (15,'Tiana','Cameron','Female',23,'t.cameron@randatmail.com'),
    (16,'Arianna','Mitchell','Female',27,'a.mitchell@randatmail.com'),
    (17,'Mike','Chapman','Male',21,'m.chapman@randatmail.com'),
    (18,'Rafael','Johnson','Male',22,'r.johnson@randatmail.com'),
    (19,'Sophia','Warren','Female',26,'s.warren@randatmail.com'),
    (20,'Jenna','Cameron','Female',18,'j.cameron@randatmail.com'),
    (21,'Sydney','Rogers','Female',24,'s.rogers@randatmail.com'),
    (22,'Myra','Hamilton','Female',28,'m.hamilton@randatmail.com'),
    (23,'Rosie','Adams','Female',22,'r.adams@randatmail.com'),
    (24,'Jenna','Cunningham','Female',26,'j.cunningham@randatmail.com'),
    (25,'Andrew','West','Male',20,'a.west@randatmail.com'),
    (26,'Naomi','Hunt','Female',25,'n.hunt@randatmail.com'),
    (27,'Marcus','Barrett','Male',19,'m.barrett@randatmail.com'),
    (28,'Alissa','Alexander','Female',29,'a.alexander@randatmail.com'),
    (29,'Gianna','Hamilton','Female',21,'g.hamilton@randatmail.com'),
    (30,'Chloe','Clark','Female',18,'c.clark@randatmail.com'),
    (31,'Kirsten','Crawford','Female',29,'k.crawford@randatmail.com'),
    (32,'Rebecca','Moore','Female',21,'r.moore@randatmail.com'),
    (33,'Thomas','Phillips','Male',22,'t.phillips@randatmail.com'),
    (34,'Andrew','Montgomery','Male',28,'a.montgomery@randatmail.com'),
    (35,'Tiana','Russell','Female',29,'t.russell@randatmail.com'),
    (36,'Oscar','Russell','Male',19,'o.russell@randatmail.com'),
    (37,'Emma','Douglas','Female',30,'e.douglas@randatmail.com'),
    (38,'John','Morgan','Male',28,'j.morgan@randatmail.com'),
    (39,'Amy','Cunningham','Female',25,'a.cunningham@randatmail.com'),
    (40,'Aiden','Andrews','Male',24,'a.andrews@randatmail.com'),
    (41,'Abraham','Stevens','Male',18,'a.stevens@randatmail.com'),
    (42,'Brooke','Ross','Female',20,'b.ross@randatmail.com'),
    (43,'Sienna','Stewart','Female',21,'s.stewart@randatmail.com'),
    (44,'Jasmine','Wells','Female',27,'j.wells@randatmail.com'),
    (45,'Dexter','Henderson','Male',20,'d.henderson@randatmail.com'),
    (46,'Vincent','Jones','Male',27,'v.jones@randatmail.com'),
    (47,'Chester','Reed','Male',24,'c.reed@randatmail.com'),
    (48,'Edith','Miller','Female',23,'e.miller@randatmail.com'),
    (49,'Eddy','Chapman','Male',19,'e.chapman@randatmail.com'),
    (50,'Alissa','Moore','Female',20,'a.moore@randatmail.com'),
    (51,'Alexander','Campbell','Male',24,'a.campbell@randatmail.com'),
    (52,'Hailey','Morris','Female',25,'h.morris@randatmail.com'),
    (53,'Arnold','Walker','Male',30,'a.walker@randatmail.com'),
    (54,'Jasmine','Sullivan','Female',28,'j.sullivan@randatmail.com'),
    (55,'Luke','Kelly','Male',21,'l.kelly@randatmail.com'),
    (56,'Fenton','Moore','Male',20,'f.moore@randatmail.com'),
    (57,'Reid','Fowler','Male',23,'r.fowler@randatmail.com'),
    (58,'Clark','Foster','Male',22,'c.foster@randatmail.com'),
    (59,'Reid','Crawford','Male',18,'r.crawford@randatmail.com'),
    (60,'Alexia','Smith','Female',26,'a.smith@randatmail.com'),
    (61,'Harold','Williams','Male',23,'h.williams@randatmail.com'),
    (62,'Olivia','Douglas','Female',30,'o.douglas@randatmail.com'),
    (63,'Charlie','Miller','Male',30,'c.miller@randatmail.com'),
    (64,'Agata','Carroll','Female',28,'a.carroll@randatmail.com'),
    (65,'Agata','Farrell','Female',27,'a.farrell@randatmail.com'),
    (66,'Melanie','Barrett','Female',29,'m.barrett@randatmail.com'),
    (67,'Patrick','Parker','Male',29,'p.parker@randatmail.com'),
    (68,'Madaline','Ross','Female',27,'m.ross@randatmail.com'),
    (69,'Haris','Bailey','Male',27,'h.bailey@randatmail.com'),
    (70,'Sydney','Baker','Female',23,'s.baker@randatmail.com'),
    (71,'Dominik','Harper','Male',21,'d.harper@randatmail.com'),
    (72,'Arnold','Mason','Male',27,'a.mason@randatmail.com'),
    (73,'Maria','Richards','Female',26,'m.richards@randatmail.com'),
    (74,'Alan','Hamilton','Male',25,'a.hamilton@randatmail.com'),
    (75,'Alexia','Murphy','Female',24,'a.murphy@randatmail.com'),
    (76,'Arianna','Morris','Female',28,'a.morris@randatmail.com'),
    (77,'Oliver','Miller','Male',22,'o.miller@randatmail.com'),
    (78,'Nicholas','Baker','Male',18,'n.baker@randatmail.com'),
    (79,'Wilson','Grant','Male',21,'w.grant@randatmail.com'),
    (80,'Vanessa','Payne','Female',23,'v.payne@randatmail.com'),
    (81,'Abigail','Roberts','Female',20,'a.roberts@randatmail.com'),
    (82,'Lucas','Grant','Male',27,'l.grant@randatmail.com'),
    (83,'Alissa','Miller','Female',30,'a.miller@randatmail.com'),
    (84,'Oliver','Smith','Male',19,'o.smith@randatmail.com'),
    (85,'Agata','Reed','Female',25,'a.reed@randatmail.com'),
    (86,'Tyler','Scott','Male',21,'t.scott@randatmail.com'),
    (87,'Melissa','Henderson','Female',21,'m.henderson@randatmail.com'),
    (88,'Victor','Douglas','Male',30,'v.douglas@randatmail.com'),
    (89,'April','Foster','Female',26,'a.foster@randatmail.com'),
    (90,'Amelia','Hall','Female',22,'a.hall@randatmail.com'),
    (91,'Walter','Rogers','Male',26,'w.rogers@randatmail.com'),
    (92,'Miley','Spencer','Female',18,'m.spencer@randatmail.com'),
    (93,'Adelaide','West','Female',21,'a.west@randatmail.com'),
    (94,'Roland','Murray','Male',25,'r.murray@randatmail.com'),
    (95,'Andrew','Chapman','Male',28,'a.chapman@randatmail.com'),
    (96,'Adelaide','Perry','Female',18,'a.perry@randatmail.com'),
    (97,'Antony','Rogers','Male',24,'a.rogers@randatmail.com'),
    (98,'Daisy','Foster','Female',27,'d.foster@randatmail.com'),
    (99,'Carl','Jones','Male',28,'c.jones@randatmail.com'),
    (100,'George','Bailey','Male',20,'g.bailey@randatmail.com'),
    (101,'Carina','Gibson','Female',20,'c.gibson@randatmail.com'),
    (102,'Rafael','Taylor','Male',18,'r.taylor@randatmail.com'),
    (103,'Anna','Hawkins','Female',30,'a.hawkins@randatmail.com'),
    (104,'Alan','Evans','Male',28,'a.evans@randatmail.com'),
    (105,'Alissa','Evans','Female',25,'a.evans@randatmail.com'),
    (106,'Garry','Johnston','Male',23,'g.johnston@randatmail.com'),
    (107,'Steven','Johnson','Male',25,'s.johnson@randatmail.com'),
    (108,'Chelsea','Scott','Female',29,'c.scott@randatmail.com'),
    (109,'William','Higgins','Male',23,'w.higgins@randatmail.com'),
    (110,'Patrick','Robinson','Male',29,'p.robinson@randatmail.com'),
    (111,'Anna','Richards','Female',22,'a.richards@randatmail.com'),
    (112,'Annabella','Perkins','Female',25,'a.perkins@randatmail.com'),
    (113,'Victoria','Parker','Female',26,'v.parker@randatmail.com'),
    (114,'Charlie','Wells','Male',21,'c.wells@randatmail.com'),
    (115,'Sophia','Douglas','Female',27,'s.douglas@randatmail.com'),
    (116,'Dexter','Andrews','Male',20,'d.andrews@randatmail.com'),
    (117,'Brianna','Craig','Female',25,'b.craig@randatmail.com'),
    (118,'Mike','Brooks','Male',18,'m.brooks@randatmail.com'),
    (119,'Carina','Johnson','Female',20,'c.johnson@randatmail.com'),
    (120,'Julian','Cole','Male',20,'j.cole@randatmail.com'),
    (121,'Adam','Stevens','Male',22,'a.stevens@randatmail.com'),
    (122,'Natalie','Ryan','Female',28,'n.ryan@randatmail.com'),
    (123,'Agata','Alexander','Female',21,'a.alexander@randatmail.com'),
    (124,'James','Hawkins','Male',26,'j.hawkins@randatmail.com'),
    (125,'Stuart','Montgomery','Male',23,'s.montgomery@randatmail.com'),
    (126,'Rubie','Payne','Female',18,'r.payne@randatmail.com'),
    (127,'Ryan','Mitchell','Male',27,'r.mitchell@randatmail.com'),
    (128,'Eddy','Robinson','Male',29,'e.robinson@randatmail.com'),
    (129,'Sawyer','Murphy','Male',27,'s.murphy@randatmail.com'),
    (130,'Bruce','Casey','Male',24,'b.casey@randatmail.com'),
    (131,'Maximilian','Cunningham','Male',18,'m.cunningham@randatmail.com'),
    (132,'Miranda','Murray','Female',29,'m.murray@randatmail.com'),
    (133,'Daryl','Wells','Male',25,'d.wells@randatmail.com'),
    (134,'Sydney','Watson','Female',30,'s.watson@randatmail.com'),
    (135,'Adele','Alexander','Female',27,'a.alexander@randatmail.com'),
    (136,'Alexander','Harrison','Male',20,'a.harrison@randatmail.com'),
    (137,'Hailey','Brooks','Female',23,'h.brooks@randatmail.com'),
    (138,'Maximilian','Johnson','Male',22,'m.johnson@randatmail.com'),
    (139,'Deanna','Adams','Female',19,'d.adams@randatmail.com'),
    (140,'Cadie','Barnes','Female',29,'c.barnes@randatmail.com'),
    (141,'Sofia','Edwards','Female',20,'s.edwards@randatmail.com'),
    (142,'William','Hall','Male',23,'w.hall@randatmail.com'),
    (143,'Arnold','Hall','Male',24,'a.hall@randatmail.com'),
    (144,'Victoria','Douglas','Female',28,'v.douglas@randatmail.com'),
    (145,'Carina','Hamilton','Female',27,'c.hamilton@randatmail.com'),
    (146,'Miranda','Stevens','Female',21,'m.stevens@randatmail.com'),
    (147,'Camila','Farrell','Female',30,'c.farrell@randatmail.com'),
    (148,'Lydia','Baker','Female',21,'l.baker@randatmail.com'),
    (149,'Sam','Owens','Male',21,'s.owens@randatmail.com'),
    (150,'Catherine','Russell','Female',19,'c.russell@randatmail.com'),
    (151,'John','Clark','Male',24,'j.clark@randatmail.com'),
    (152,'Ryan','Stevens','Male',26,'r.stevens@randatmail.com'),
    (153,'Emily','Kelley','Female',30,'e.kelley@randatmail.com'),
    (154,'Maximilian','Davis','Male',27,'m.davis@randatmail.com'),
    (155,'Elise','Perkins','Female',22,'e.perkins@randatmail.com'),
    (156,'Frederick','Anderson','Male',22,'f.anderson@randatmail.com'),
    (157,'Hailey','Craig','Female',27,'h.craig@randatmail.com'),
    (158,'Naomi','Wright','Female',18,'n.wright@randatmail.com'),
    (159,'Antony','Richards','Male',20,'a.richards@randatmail.com'),
    (160,'April','Allen','Female',24,'a.allen@randatmail.com'),
    (161,'Clark','Robinson','Male',25,'c.robinson@randatmail.com'),
    (162,'Lucia','Cunningham','Female',20,'l.cunningham@randatmail.com'),
    (163,'Robert','Hunt','Male',23,'r.hunt@randatmail.com'),
    (164,'Gianna','Campbell','Female',19,'g.campbell@randatmail.com'),
    (165,'Naomi','Moore','Female',20,'n.moore@randatmail.com'),
    (166,'Aston','Warren','Male',19,'a.warren@randatmail.com'),
    (167,'Violet','Perkins','Female',21,'v.perkins@randatmail.com'),
    (168,'Marcus','Morgan','Male',25,'m.morgan@randatmail.com'),
    (169,'Olivia','Perkins','Female',23,'o.perkins@randatmail.com'),
    (170,'Brooke','Hamilton','Female',23,'b.hamilton@randatmail.com'),
    (171,'Tony','Murray','Male',24,'t.murray@randatmail.com'),
    (172,'Preston','Wilson','Male',25,'p.wilson@randatmail.com'),
    (173,'Melanie','Perkins','Female',28,'m.perkins@randatmail.com'),
    (174,'Maria','Davis','Female',30,'m.davis@randatmail.com'),
    (175,'Fenton','Reed','Male',22,'f.reed@randatmail.com'),
    (176,'Vanessa','Johnson','Female',24,'v.johnson@randatmail.com'),
    (177,'Adrianna','Dixon','Female',20,'a.dixon@randatmail.com'),
    (178,'Victor','Robinson','Male',22,'v.robinson@randatmail.com'),
    (179,'Michelle','Jones','Female',28,'m.jones@randatmail.com'),
    (180,'Abraham','Russell','Male',24,'a.russell@randatmail.com'),
    (181,'Albert','Johnson','Male',24,'a.johnson@randatmail.com'),
    (182,'Amber','Farrell','Female',21,'a.farrell@randatmail.com'),
    (183,'Florrie','Johnston','Female',20,'f.johnston@randatmail.com'),
    (184,'Vivian','Riley','Female',23,'v.riley@randatmail.com'),
    (185,'Frederick','Montgomery','Male',30,'f.montgomery@randatmail.com'),
    (186,'Anna','Walker','Female',24,'a.walker@randatmail.com'),
    (187,'Emily','Richardson','Female',27,'e.richardson@randatmail.com'),
    (188,'Savana','Stevens','Female',27,'s.stevens@randatmail.com'),
    (189,'Jenna','Parker','Female',25,'j.parker@randatmail.com'),
    (190,'Chloe','Dixon','Female',30,'c.dixon@randatmail.com'),
    (191,'Lyndon','Sullivan','Male',21,'l.sullivan@randatmail.com'),
    (192,'Sarah','Douglas','Female',20,'s.douglas@randatmail.com'),
    (193,'Olivia','Stevens','Female',19,'o.stevens@randatmail.com'),
    (194,'Agata','Ryan','Female',26,'a.ryan@randatmail.com'),
    (195,'William','Miller','Male',21,'w.miller@randatmail.com'),
    (196,'Savana','Evans','Female',22,'s.evans@randatmail.com'),
    (197,'Tiana','Andrews','Female',27,'t.andrews@randatmail.com'),
    (198,'Florrie','Ellis','Female',25,'f.ellis@randatmail.com'),
    (199,'Belinda','Wilson','Female',29,'b.wilson@randatmail.com'),
    (200,'Rafael','Mason','Male',19,'r.mason@randatmail.com');

CREATE TABLE IF NOT EXISTS "patients" (
    "patient_id" SERIAL NOT NULL,
    "person_id" INT NOT NULL,
    CONSTRAINT newtable_pk PRIMARY KEY (patient_id),
    CONSTRAINT newtable_fk FOREIGN KEY (person_id) REFERENCES public.person(person_id)
);
INSERT INTO "patients" VALUES
    (2,156),
    (3,129),
    (4,95),
    (5,64),
    (6,28),
    (7,16),
    (8,97),
    (9,68),
    (10,27),
    (11,7),
    (12,159),
    (13,51),
    (14,105),
    (15,132),
    (16,168),
    (17,128),
    (18,60),
    (19,15),
    (20,187),
    (21,103),
    (22,172),
    (23,80),
    (24,69),
    (25,81),
    (26,149),
    (27,24),
    (28,102),
    (29,183),
    (30,133),
    (31,145),
    (32,198),
    (33,142),
    (34,86),
    (35,18),
    (36,9),
    (37,192),
    (38,36),
    (39,184),
    (40,175),
    (41,137);

CREATE TABLE IF NOT EXISTS "pharmacy" (
    "pharmacy_id" SERIAL NOT NULL,
    "address" TEXT NOT NULL,
    "zipcode" INT NOT NULL,
    CONSTRAINT newtable_pk PRIMARY KEY (pharmacy_id)
);
INSERT INTO "pharmacy" VALUES
    (1,'Nørrebrogade 140',2200),
    (2,'Bagsværd Torv 6',2880),
    (3,'Jernbanepladsen 43',2800),
    (4,'Sct Hansgade 23',4100),
    (5,'Middelfartvej 129',5200),
    (6,'Søndergade 70',5620),
    (7,'Palmealle 2',6000),
    (8,'Rolighedsvej 12',6623),
    (9,'Merkurvej 51',7400),
    (10,'Frederikshavnsvej 44',9800);

CREATE TABLE IF NOT EXISTS "prescription" (
    "prescription_id" SERIAL NOT NULL,
    "patient_id" INT NOT NULL,
    "doctor_id" INT NOT NULL,
    "pharmacy_id" INT NOT NULL,
    "description" TEXTNOT NULL,
    "created" DATE NOT NULL,
    "expired" DATE NOT NULL,
    CONSTRAINT newtable_pk PRIMARY KEY (prescription_id),
    CONSTRAINT newtable_fk FOREIGN KEY (patient_id) REFERENCES public.patient(patient_id),
    CONSTRAINT newtable_fk FOREIGN KEY (doctor_id) REFERENCES public.doctor(doctor_id),
    CONSTRAINT newtable_fk FOREIGN KEY (pharmacy_id) REFERENCES public.pharmacy(pharmacy_id)
);
INSERT INTO "prescription" VALUES
    (1,11,1,6,'PanPharma - tages 1 gang dagligt','2022-02-21','2022-03-14'),
    (2,37,7,2,'Ibuprofen - tages 3 gange dagligt','2022-02-21','2022-02-22');
